School/College, Dept, Count
Carreers at the U, A. Alfred Taubman CA&UP - Faculty and Staff, 1
College of Arch&Urban Planning, Coll of Arch & Urban Planning - Faculty and Staff, 1
College of Engineering, Aerospace Engineering - Faculty and Staff, 3
College of Engineering, Biomedical Engineering - Faculty and Staff, 2
College of Engineering, COE Climate & Space - Faculty and Staff, 1
College of Engineering, COE EECS - ECE Division - Faculty and Staff, 2
College of Engineering, Chemical Engineering Dept - Faculty and Staff, 1
College of Engineering, Civil & Environmental Engr - Faculty and Staff, 4
College of Engineering, CoE Center for Health Eng - Faculty and Staff, 1
College of Engineering, CoE Macromolecular Sci & Engr - Faculty and Staff, 2
College of Engineering, CoE Undergraduate Education - Faculty and Staff, 1
College of Engineering, EECS - CSE Division - Faculty and Staff, 2
College of Engineering, Industrial & Operations Engin - Faculty and Staff, 2
College of Engineering, Materials Science & Engin. - Faculty and Staff, 3
College of Engineering, Mechanical Engineering - Faculty and Staff, 6
College of Engineering, Nuclear Eng & Radiological Sci - Faculty and Staff, 1
Institute Research on Women & Gender, Inst/Research Women & Gender - Faculty and Staff, 1
Institute Research on Women & Gender, Office of Research - Faculty and Staff, 1
Institute for Social Research, Institute for Social Research - Faculty and Staff, 3
Institute for Social Research, RCGD-Rsrch Cntr for Grp Dyn - Faculty and Staff, 2
Institute for Social Research, SRC - Education & Well Being - Faculty and Staff, 1
Medical Center Information Technology, UMH MCIT CIO Administration - Sponsored Affiliate, 3
Medical School, Microbiology and Immunology - Faculty and Staff, 1
Nanotechnology Institute, MI Nanotechnology Institute - Faculty and Staff, 1
School of LSA, LSA American Culture - Faculty and Staff, 1
School of LSA, LSA Anthropology - Faculty and Staff, 2
School of LSA, LSA Asian Languages & Cultures - Faculty and Staff, 1
School of LSA, LSA Astronomy - Faculty and Staff, 2
School of LSA, LSA Chemistry - Faculty and Staff, 3
School of LSA, LSA Classical Studies - Faculty and Staff, 1
School of LSA, LSA Communication Studies - Faculty and Staff, 1
School of LSA, LSA DAAS - Faculty and Staff, 2
School of LSA, LSA Dean: Dean's Office - Faculty and Staff, 2
School of LSA, LSA Ecology & Evolutionary Bio - Faculty and Staff, 2
School of LSA, LSA Economics - Faculty and Staff, 1
School of LSA, LSA English Language & Lit. - Faculty and Staff, 9
School of LSA, LSA Germanic Languages & Lit. - Faculty and Staff, 3
School of LSA, LSA History - Faculty and Staff, 5
School of LSA, LSA Linguistics - Faculty and Staff, 2
School of LSA, LSA Mathematics - Faculty and Staff, 3
School of LSA, LSA Molec./Cell./Develop. Bio - Faculty and Staff, 3
School of LSA, LSA Philosophy - Faculty and Staff, 1
School of LSA, LSA Physics - Faculty and Staff, 5
School of LSA, LSA Political Science - Faculty and Staff, 2
School of LSA, LSA Psychology - Faculty and Staff, 7
School of LSA, LSA Romance Languages & Lit. - Faculty and Staff, 1
School of LSA, LSA Sociology - Faculty and Staff, 2
School of LSA, LSA Sweetland Writing Center - Faculty and Staff, 1
School of LSA, LSA UG: Curriculum Support - Faculty and Staff, 1
School of LSA, LSA UG: Environment - Faculty and Staff, 3
School of LSA, LSA UG: Honors - Faculty and Staff, 3
School of LSA, LSA UG: Residential College - Faculty and Staff, 1
School of LSA, LSA Women's Studies - Faculty and Staff, 3
School of Music, Theater & Dance, SMTD Department of Dance - Faculty and Staff, 1
School of Public Education, SOE-Educational Studies - Faculty and Staff, 7
School of Public Health, Health Management and Policy - Faculty and Staff, 1
School of Public Policy, G. Ford Sc Pub Pol - Faculty and Staff, 1
Society of Fellows, Michigan Society of Fellows - Faculty and Staff, 1
University Library, Bentley Historical Library - Faculty and Staff, 1
University Library, University Library - Faculty and Staff, 1
